{
  "apiResponseTime": 54.09896233274818,
  "databaseQueryTime": 51.14954310445859,
  "memoryUsage": 42.3412042106432,
  "cpuUsage": 23.539580781782767,
  "errorRate": 0.04229876805112634,
  "userSatisfaction": 77.04617678943269,
  "assessmentCompletionRate": 72.5596926556966,
  "askRexiResponseTime": 316.1672914640425,
  "activeUsers": 24,
  "systemLoad": 98.7611775411611
}
